year,fuel,generation_twh
2000,Bioenergy,0.17
2000,Coal,38.19
2000,Gas,46.54
2000,Hydro,30.88
2000,Nuclear,0
2000,Other Fossil,8.49
2000,Other Renewables,0.08
2000,Solar,0
2000,Wind,0.03
2001,Bioenergy,0.18
2001,Coal,38.42
2001,Gas,49.71
2001,Hydro,24.01
2001,Nuclear,0
2001,Other Fossil,9.77
2001,Other Renewables,0.09
2001,Solar,0
2001,Wind,0.06
2002,Bioenergy,0.13
2002,Coal,32.15
2002,Gas,52.53
2002,Hydro,33.68
2002,Nuclear,0
2002,Other Fossil,9.82
2002,Other Renewables,0.1
2002,Solar,0
2002,Wind,0.05
2003,Bioenergy,0.08
2003,Coal,32.25
2003,Gas,63.54
2003,Hydro,35.33
2003,Nuclear,0
2003,Other Fossil,8.19
2003,Other Renewables,0.09
2003,Solar,0
2003,Wind,0.06
2004,Bioenergy,0.08
2004,Coal,34.45
2004,Gas,62.27
2004,Hydro,46.08
2004,Nuclear,0
2004,Other Fossil,6.72
2004,Other Renewables,0.09
2004,Solar,0
2004,Wind,0.06
2005,Bioenergy,0.03
2005,Coal,43.2
2005,Gas,73.48
2005,Hydro,39.56
2005,Nuclear,0
2005,Other Fossil,5.21
2005,Other Renewables,0.09
2005,Solar,0
2005,Wind,0.06
2006,Bioenergy,0.06
2006,Coal,46.65
2006,Gas,80.69
2006,Hydro,44.24
2006,Nuclear,0
2006,Other Fossil,4.39
2006,Other Renewables,0.09
2006,Solar,0
2006,Wind,0.13
2007,Bioenergy,0.09
2007,Coal,53.43
2007,Gas,95.03
2007,Hydro,35.85
2007,Nuclear,0
2007,Other Fossil,6.6
2007,Other Renewables,0.16
2007,Solar,0
2007,Wind,0.36
2008,Bioenergy,0.14
2008,Coal,57.72
2008,Gas,98.68
2008,Hydro,33.27
2008,Nuclear,0
2008,Other Fossil,7.55
2008,Other Renewables,0.16
2008,Solar,0
2008,Wind,0.85
2009,Bioenergy,0.25
2009,Coal,55.69
2009,Gas,96.1
2009,Hydro,35.96
2009,Nuclear,0
2009,Other Fossil,4.87
2009,Other Renewables,0.44
2009,Solar,0
2009,Wind,1.5
2010,Bioenergy,0.33
2010,Coal,55.05
2010,Gas,98.14
2010,Hydro,51.8
2010,Nuclear,0
2010,Other Fossil,2.27
2010,Other Renewables,0.67
2010,Solar,0
2010,Wind,2.92
2011,Bioenergy,0.34
2011,Coal,66.22
2011,Gas,104.05
2011,Hydro,52.34
2011,Nuclear,0
2011,Other Fossil,1.03
2011,Other Renewables,0.69
2011,Solar,0
2011,Wind,4.72
2012,Bioenergy,0.59
2012,Coal,68.01
2012,Gas,104.5
2012,Hydro,57.86
2012,Nuclear,0
2012,Other Fossil,1.77
2012,Other Renewables,0.9
2012,Solar,0
2012,Wind,5.86
2013,Bioenergy,0.88
2013,Coal,63.78
2013,Gas,105.12
2013,Hydro,59.42
2013,Nuclear,0
2013,Other Fossil,2.03
2013,Other Renewables,1.36
2013,Solar,0
2013,Wind,7.56
2014,Bioenergy,1.08
2014,Coal,76.26
2014,Gas,120.58
2014,Hydro,40.64
2014,Nuclear,0
2014,Other Fossil,2.49
2014,Other Renewables,2.36
2014,Solar,0.02
2014,Wind,8.52
2015,Bioenergy,1.24
2015,Coal,76.16
2015,Gas,99.22
2015,Hydro,67.15
2015,Nuclear,0
2015,Other Fossil,2.74
2015,Other Renewables,3.42
2015,Solar,0.19
2015,Wind,11.65
2016,Bioenergy,1.63
2016,Coal,92.27
2016,Gas,89.23
2016,Hydro,67.23
2016,Nuclear,0
2016,Other Fossil,2.66
2016,Other Renewables,4.82
2016,Solar,1.04
2016,Wind,15.52
2017,Bioenergy,2.1
2017,Coal,97.48
2017,Gas,110.49
2017,Hydro,58.22
2017,Nuclear,0
2017,Other Fossil,2.08
2017,Other Renewables,6.13
2017,Solar,2.89
2017,Wind,17.9
2018,Bioenergy,2.5
2018,Coal,111.8
2018,Gas,90.09
2018,Hydro,59.75
2018,Nuclear,0
2018,Other Fossil,1.44
2018,Other Renewables,6.91
2018,Solar,7.8
2018,Wind,19.86
2019,Bioenergy,3.4
2019,Coal,112.86
2019,Gas,54.88
2019,Hydro,88.64
2019,Nuclear,0
2019,Other Fossil,0.97
2019,Other Renewables,8.23
2019,Solar,9.57
2019,Wind,21.63
2020,Bioenergy,4.34
2020,Coal,106.26
2020,Gas,68.07
2020,Hydro,77.86
2020,Nuclear,0
2020,Other Fossil,0.34
2020,Other Renewables,9.32
2020,Solar,11.2
2020,Wind,24.61
2021,Bioenergy,6.15
2021,Coal,104.12
2021,Gas,107.34
2021,Hydro,55.51
2021,Nuclear,0
2021,Other Fossil,0.35
2021,Other Renewables,10.11
2021,Solar,13.28
2021,Wind,31.02
2022,Bioenergy,7.62
2022,Coal,113.62
2022,Gas,71.86
2022,Hydro,66.66
2022,Nuclear,0
2022,Other Fossil,0.73
2022,Other Renewables,10.22
2022,Solar,15.16
2022,Wind,34.69
2023,Bioenergy,8.21
2023,Coal,118.03
2023,Gas,66.48
2023,Hydro,63.72
2023,Nuclear,0
2023,Other Fossil,0.94
2023,Other Renewables,10.13
2023,Solar,18.4
2023,Wind,33.88
2024,Bioenergy,8.68
2024,Coal,121.32
2024,Gas,63.28
2024,Hydro,74.57
2024,Nuclear,0
2024,Other Fossil,0.98
2024,Other Renewables,10.2
2024,Solar,25.67
2024,Wind,36.53
2025,Bioenergy,8.48
2025,Coal,121.4
2025,Gas,78.36
2025,Hydro,57.27
2025,Nuclear,0
2025,Other Fossil,1.03
2025,Other Renewables,10.65
2025,Solar,37.25
2025,Wind,39.42
