subsector,slot,definition,year,facilities,annual_total
aluminum,other1,total emissions factor. Aluminium: anode Consumption emissions + anode Production Emissions + Electrolysis Electricity Emissions. Alumina: Refining direct emissions + electricity use emissions,2021,3,229.72166162853608
aluminum,other1,total emissions factor. Aluminium: anode Consumption emissions + anode Production Emissions + Electrolysis Electricity Emissions. Alumina: Refining direct emissions + electricity use emissions,2022,3,229.0191250883086
aluminum,other1,total emissions factor. Aluminium: anode Consumption emissions + anode Production Emissions + Electrolysis Electricity Emissions. Alumina: Refining direct emissions + electricity use emissions,2023,3,230.1082622224477
aluminum,other1,total emissions factor. Aluminium: anode Consumption emissions + anode Production Emissions + Electrolysis Electricity Emissions. Alumina: Refining direct emissions + electricity use emissions,2024,3,228.34247446
aluminum,other1,total emissions factor. Aluminium: anode Consumption emissions + anode Production Emissions + Electrolysis Electricity Emissions. Alumina: Refining direct emissions + electricity use emissions,2025,3,229.000672705
aluminum,other1,total emissions factor. Aluminium: anode Consumption emissions + anode Production Emissions + Electrolysis Electricity Emissions. Alumina: Refining direct emissions + electricity use emissions,2026,3,95.83315911
aluminum,other10,field_not_included,2021,3,0
aluminum,other10,field_not_included,2022,3,0
aluminum,other10,field_not_included,2023,3,0
aluminum,other10,field_not_included,2024,3,0
aluminum,other10,field_not_included,2025,3,0
aluminum,other10,field_not_included,2026,3,0
aluminum,other2,total emissions,2021,3,1085363.187941933
aluminum,other2,total emissions,2022,3,1071336.1240314702
aluminum,other2,total emissions,2023,3,1073586.63507714
aluminum,other2,total emissions,2024,3,1047464.6540033903
aluminum,other2,total emissions,2025,3,1051793.5210014703
aluminum,other2,total emissions,2026,3,404759.75483232416
aluminum,other3,electricity_use_factor,2021,3,353.63452586333847
aluminum,other3,electricity_use_factor,2022,3,356.85006405473376
aluminum,other3,electricity_use_factor,2023,3,355.16912886064125
aluminum,other3,electricity_use_factor,2024,3,354.108
aluminum,other3,electricity_use_factor,2025,3,354.108
aluminum,other3,electricity_use_factor,2026,3,147.545
aluminum,other4,electricity_use,2021,3,870020.1801924653
aluminum,other4,electricity_use,2022,3,916334.8826856985
aluminum,other4,electricity_use,2023,3,900675.5347974187
aluminum,other4,electricity_use,2024,3,831754.8501498387
aluminum,other4,electricity_use,2025,3,849116.2799155742
aluminum,other4,electricity_use,2026,3,323678.2683634744
aluminum,other5,grid_emissions_intensity,2021,3,17.603759999999998
aluminum,other5,grid_emissions_intensity,2022,3,17.318459999999998
aluminum,other5,grid_emissions_intensity,2023,3,17.42278
aluminum,other5,grid_emissions_intensity,2024,3,16.796039999999998
aluminum,other5,grid_emissions_intensity,2025,3,16.929869999999998
aluminum,other5,grid_emissions_intensity,2026,3,7.138739999999999
aluminum,other6,Percentage of emissions from smelting,2021,3,2400
aluminum,other6,Percentage of emissions from smelting,2022,3,2400
aluminum,other6,Percentage of emissions from smelting,2023,3,2400
aluminum,other6,Percentage of emissions from smelting,2024,3,2400
aluminum,other6,Percentage of emissions from smelting,2025,3,2400
aluminum,other6,Percentage of emissions from smelting,2026,3,1000
aluminum,other7,Percent of emissions from fuel combustion,2021,3,2180.626916840868
aluminum,other7,Percent of emissions from fuel combustion,2022,3,2181.4790611597496
aluminum,other7,Percent of emissions from fuel combustion,2023,3,2181.4669342838774
aluminum,other7,Percent of emissions from fuel combustion,2024,3,2180.724640984414
aluminum,other7,Percent of emissions from fuel combustion,2025,3,2180.724640984414
aluminum,other7,Percent of emissions from fuel combustion,2026,3,908.6352670768391
aluminum,other8,field_not_included,2021,3,0
aluminum,other8,field_not_included,2022,3,0
aluminum,other8,field_not_included,2023,3,0
aluminum,other8,field_not_included,2024,3,0
aluminum,other8,field_not_included,2025,3,0
aluminum,other8,field_not_included,2026,3,0
aluminum,other9,field_not_included,2021,3,0
aluminum,other9,field_not_included,2022,3,0
aluminum,other9,field_not_included,2023,3,0
aluminum,other9,field_not_included,2024,3,0
aluminum,other9,field_not_included,2025,3,0
aluminum,other9,field_not_included,2026,3,0
cement,other1,"Direct and Indirect emissions factor: calcination, fuel use and electricity use",2021,58,537.42774212
cement,other1,"Direct and Indirect emissions factor: calcination, fuel use and electricity use",2022,58,536.67483542
cement,other1,"Direct and Indirect emissions factor: calcination, fuel use and electricity use",2023,58,536.96259198
cement,other1,"Direct and Indirect emissions factor: calcination, fuel use and electricity use",2024,58,535.29616904
cement,other1,"Direct and Indirect emissions factor: calcination, fuel use and electricity use",2025,58,535.53162062
cement,other1,"Direct and Indirect emissions factor: calcination, fuel use and electricity use",2026,58,223.28706323999998
cement,other10,model_methodology,2021,58,0
cement,other10,model_methodology,2022,58,0
cement,other10,model_methodology,2023,58,0
cement,other10,model_methodology,2024,58,0
cement,other10,model_methodology,2025,58,0
cement,other10,model_methodology,2026,58,0
cement,other2,Calcination emissions factor,2021,58,326.637792
cement,other2,Calcination emissions factor,2022,58,326.637792
cement,other2,Calcination emissions factor,2023,58,326.637792
cement,other2,Calcination emissions factor,2024,58,326.637792
cement,other2,Calcination emissions factor,2025,58,326.637792
cement,other2,Calcination emissions factor,2026,58,136.09908
cement,other3,Fuel emissions factor,2021,58,179.108544
cement,other3,Fuel emissions factor,2022,58,179.108544
cement,other3,Fuel emissions factor,2023,58,179.108544
cement,other3,Fuel emissions factor,2024,58,179.108544
cement,other3,Fuel emissions factor,2025,58,179.108544
cement,other3,Fuel emissions factor,2026,58,74.62856
cement,other4,electricity_use_factor,2021,58,63.336
cement,other4,electricity_use_factor,2022,58,63.336
cement,other4,electricity_use_factor,2023,58,63.336
cement,other4,electricity_use_factor,2024,58,63.336
cement,other4,electricity_use_factor,2025,58,63.336
cement,other4,electricity_use_factor,2026,58,26.39
cement,other5,electricity_use,2021,58,4766013.6417460935
cement,other5,electricity_use,2022,58,6118280.26063724
cement,other5,electricity_use,2023,58,6317926.529375907
cement,other5,electricity_use,2024,58,6115930.349410053
cement,other5,electricity_use,2025,58,5777517.788509583
cement,other5,electricity_use,2026,58,2728789.2355040153
cement,other6,grid_emissions_intensity,2021,58,348.14732
cement,other6,grid_emissions_intensity,2022,58,339.87362
cement,other6,grid_emissions_intensity,2023,58,343.03578
cement,other6,grid_emissions_intensity,2024,58,324.72344
cement,other6,grid_emissions_intensity,2025,58,327.31082
cement,other6,grid_emissions_intensity,2026,58,138.01564
cement,other7,cement_type,2021,58,0
cement,other7,cement_type,2022,58,0
cement,other7,cement_type,2023,58,0
cement,other7,cement_type,2024,58,0
cement,other7,cement_type,2025,58,0
cement,other7,cement_type,2026,58,0
cement,other8,ers_technology,2021,58,0
cement,other8,ers_technology,2022,58,0
cement,other8,ers_technology,2023,58,0
cement,other8,ers_technology,2024,58,0
cement,other8,ers_technology,2025,58,0
cement,other8,ers_technology,2026,58,0
cement,other9,clinker_to_cement_ratio,2021,58,652.3199999999999
cement,other9,clinker_to_cement_ratio,2022,58,652.3199999999999
cement,other9,clinker_to_cement_ratio,2023,58,652.3199999999999
cement,other9,clinker_to_cement_ratio,2024,58,652.3199999999999
cement,other9,clinker_to_cement_ratio,2025,58,652.3199999999999
cement,other9,clinker_to_cement_ratio,2026,58,271.8
iron-and-steel,other1,Direct and Indirect emissions factor: includes electricity use,2021,27,262.2724996880081
iron-and-steel,other1,Direct and Indirect emissions factor: includes electricity use,2022,27,259.5334576880081
iron-and-steel,other1,Direct and Indirect emissions factor: includes electricity use,2023,27,260.44292088800813
iron-and-steel,other1,Direct and Indirect emissions factor: includes electricity use,2024,27,253.3365163880081
iron-and-steel,other1,Direct and Indirect emissions factor: includes electricity use,2025,27,254.57859528800813
iron-and-steel,other1,Direct and Indirect emissions factor: includes electricity use,2026,27,102.00354800333672
iron-and-steel,other10,field_not_included,2021,27,0
iron-and-steel,other10,field_not_included,2022,27,0
iron-and-steel,other10,field_not_included,2023,27,0
iron-and-steel,other10,field_not_included,2024,27,0
iron-and-steel,other10,field_not_included,2025,27,0
iron-and-steel,other10,field_not_included,2026,27,0
iron-and-steel,other2,direct and indirect emissions,2021,27,46308994.14654152
iron-and-steel,other2,direct and indirect emissions,2022,27,39173124.36966345
iron-and-steel,other2,direct and indirect emissions,2023,27,37288497.083772205
iron-and-steel,other2,direct and indirect emissions,2024,27,41137043.13271362
iron-and-steel,other2,direct and indirect emissions,2025,27,41424708.67395001
iron-and-steel,other2,direct and indirect emissions,2026,27,17109059.80649833
iron-and-steel,other3,electricity_use_factor,2021,27,280.44
iron-and-steel,other3,electricity_use_factor,2022,27,280.44
iron-and-steel,other3,electricity_use_factor,2023,27,280.44
iron-and-steel,other3,electricity_use_factor,2024,27,280.44
iron-and-steel,other3,electricity_use_factor,2025,27,280.44
iron-and-steel,other3,electricity_use_factor,2026,27,115.19
iron-and-steel,other4,electricity_use,2021,27,37211648.10537505
iron-and-steel,other4,electricity_use,2022,27,31379781.235330306
iron-and-steel,other4,electricity_use,2023,27,29390904.52736719
iron-and-steel,other4,electricity_use,2024,27,32715475.125566367
iron-and-steel,other4,electricity_use,2025,27,33917984.51452791
iron-and-steel,other4,electricity_use,2026,27,14268662.331475267
iron-and-steel,other5,grid_emissions_intensity,2021,27,161.49972
iron-and-steel,other5,grid_emissions_intensity,2022,27,158.33172
iron-and-steel,other5,grid_emissions_intensity,2023,27,159.3846
iron-and-steel,other5,grid_emissions_intensity,2024,27,151.17276999999999
iron-and-steel,other5,grid_emissions_intensity,2025,27,152.6066
iron-and-steel,other5,grid_emissions_intensity,2026,27,64.29379
iron-and-steel,other6,model_methodology,2021,27,0
iron-and-steel,other6,model_methodology,2022,27,0
iron-and-steel,other6,model_methodology,2023,27,0
iron-and-steel,other6,model_methodology,2024,27,0
iron-and-steel,other6,model_methodology,2025,27,0
iron-and-steel,other6,model_methodology,2026,27,0
iron-and-steel,other7,percentage_of_scrap_metal_utilized,2021,27,181.44
iron-and-steel,other7,percentage_of_scrap_metal_utilized,2022,27,181.44
iron-and-steel,other7,percentage_of_scrap_metal_utilized,2023,27,181.44
iron-and-steel,other7,percentage_of_scrap_metal_utilized,2024,27,181.44
iron-and-steel,other7,percentage_of_scrap_metal_utilized,2025,27,181.44
iron-and-steel,other7,percentage_of_scrap_metal_utilized,2026,27,75.6
iron-and-steel,other8,Percentage of IPPU emissions,2021,27,273.7289757833292
iron-and-steel,other8,Percentage of IPPU emissions,2022,27,273.7289757833292
iron-and-steel,other8,Percentage of IPPU emissions,2023,27,273.7289757833292
iron-and-steel,other8,Percentage of IPPU emissions,2024,27,273.7289757833292
iron-and-steel,other8,Percentage of IPPU emissions,2025,27,273.7289757833292
iron-and-steel,other8,Percentage of IPPU emissions,2026,27,112.2537399097205
iron-and-steel,other9,field_not_included,2021,27,0
iron-and-steel,other9,field_not_included,2022,27,0
iron-and-steel,other9,field_not_included,2023,27,0
iron-and-steel,other9,field_not_included,2024,27,0
iron-and-steel,other9,field_not_included,2025,27,0
iron-and-steel,other9,field_not_included,2026,27,0
